Supplement-1,SUPPLIER A,Omega 3 Double Strength 60's,313.00,356.82,10,28,
Supplement-6,SUPPLIER A,Skin Formula 60's,259.00,295.26,5,36,
Supplement-9,SUPPLIER A,Krill Oil 30's,326.00,371.64,8,33,
Supplement-21,SUPPLIER A,Anti-Anxiety tables 30's,263.00,299.82,6,17,
Supplement-26,SUPPLIER A,Burnout Support 60's,248.00,282.72,6,17,
Supplement-27,SUPPLIER A,Natural Antibiotics 120's,205.00,233.70,3,8,
Supplement-30,SUPPLIER A,Anti-Cholesterol 60's,298.00,339.72,7,28,
Supplement-33,SUPPLIER A,Natural Probiotic 120's,217.00,247.38,1,23,
Supplement-34,SUPPLIER A,Collagen Complex 60's,257.00,292.98,6,3,
Supplement-35,SUPPLIER A,Anti-inflammatory control 120's,140.00,159.60,10,4,
Supplement-36,SUPPLIER A,Appetite control 60's,237.00,270.18,6,23,
Supplement-43,SUPPLIER A,Women Adult 60's,199.00,226.86,5,5,
Supplement-44,SUPPLIER A,Women Adult 50+ 60's,222.00,253.08,5,24,
Supplement-49,SUPPLIER A,Women Adult 70+ 60's,232.00,264.48,10,38,
Supplement-71,SUPPLIER A,Men Adult 60's,310.00,353.40,5,3,
Supplement-72,SUPPLIER A,Men Adult 50+ 60's,224.00,255.36,1,17,
Supplement-74,SUPPLIER A,Vitamin K2 30's,234.00,266.76,1,15,
Supplement-77,SUPPLIER A,Garcinia Tablets 60's,220.00,250.80,1,49,
Supplement-83,SUPPLIER A,Calmag 120's,259.00,295.26,1,40,
Supplement-85,SUPPLIER A,Chromium 90's,223.00,254.22,6,31,
Supplement-86,SUPPLIER A,Iron Plus 30's,177.00,201.78,1,45,
Supplement-87,SUPPLIER A,Vitamin D3 60's,137.00,156.18,5,48,
Supplement-91,SUPPLIER A,Curcumin 30's,230.00,262.20,6,3,
Supplement-94,SUPPLIER A,Milk Thistle Extract 90's,221.00,251.94,6,36,
Supplement-95,SUPPLIER A,Natural memory support 60's,181.00,206.34,8,13,
Supplement-96,SUPPLIER G,Calmag 120 x 600mg,176.00,200.64,10,6,
Supplement-97,SUPPLIER G,Calcium Glycinate 60's,201.00,229.14,4,30,
Supplement-99,SUPPLIER G,Chromium Polynicotinate 90 x 100mg,185.00,210.90,7,22,
Supplement-101,SUPPLIER G,Curcumin 60s,237.00,270.18,6,10,
Supplement-102,SUPPLIER G,Vitamin C,199.00,226.86,1,33,
Supplement-104,SUPPLIER G,Vitamin Double C,363.00,413.82,2,5,
Supplement-106,SUPPLIER G,Folic Acid 60's,266.00,303.24,3,26,
Supplement-107,SUPPLIER G,Ginkgo Biloba Extract 30 x 200mg,266.00,303.24,9,6,
Supplement-114,SUPPLIER G,Glucose,221.00,251.94,8,50,
Supplement-115,SUPPLIER G,Green tea extract 60's,371.00,422.94,10,44,
Supplement-121,SUPPLIER G,Natural sleep formula 120's,270.00,307.80,1,42,
Supplement-122,SUPPLIER G,Homocysteine lowering support 60's,233.00,265.62,5,46,
Supplement-124,SUPPLIER G,Hormone balance 120's,255.00,290.70,8,5,
Supplement-128,SUPPLIER G,Inflammation and pain support 120's,199.00,226.86,1,47,
Supplement-129,SUPPLIER G,Iron Plus 30's,240.00,273.60,5,47,
Supplement-130,SUPPLIER G,Krill Oil Omega 3 60's,186.00,212.04,4,35,
Supplement-132,SUPPLIER H,Cellfood 30ml,292.00,332.88,7,16,
Supplement-135,SUPPLIER H,Women Adult 90's,170.00,193.80,2,10,
Supplement-136,SUPPLIER H,Women 60+ 90's,207.00,235.98,5,17,
Supplement-137,SUPPLIER H,Men Adult 90's,189.00,215.46,1,17,
Supplement-138,SUPPLIER H,Men 60+ 90's,271.00,308.94,3,26,
Supplement-139,SUPPLIER H,Children 120's,127.00,144.78,10,32,
Supplement-142,SUPPLIER H,Women Teens 120's,148.00,168.72,2,18,
Supplement-145,SUPPLIER H,Men Teens 120's,222.00,253.08,4,40,
Supplement-151,SUPPLIER H,Babies 60's,228.29,260.25,9,4,
Supplement-154,SUPPLIER H,Airmune Effervescent,304.00,346.56,3,19,
Supplement-155,SUPPLIER H,Breather Inhaler,148.00,168.72,3,7,
Supplement-156,SUPPLIER H,Ozone Healing Gel,179.00,204.06,3,31,
Supplement-165,SUPPLIER H,Honey scrub,271.00,308.94,9,49,
Supplement-169,SUPPLIER H,Coffee scrub,222.00,253.08,6,33,
Supplement-171,SUPPLIER H,Aloe Vera scrub,382.00,435.48,5,25,
Supplement-174,SUPPLIER H,Olive healing gel,306.00,348.84,4,42,
Supplement-179,SUPPLIER H,Stress relief 120's,290.00,330.60,8,23,
Supplement-180,SUPPLIER H,Appetite control chewies 40's,179.00,204.06,6,4,
Supplement-181,SUPPLIER I,Omega 3 Double Strength 60's,211.00,240.54,7,27,
Supplement-183,SUPPLIER I,Skin Formula 60's,266.00,303.24,9,29,
Supplement-184,SUPPLIER I,Krill Oil 30's,317.00,361.38,2,19,
Supplement-185,SUPPLIER I,Anti-Anxiety tables 30's,184.00,209.76,6,20,
Supplement-190,SUPPLIER I,Burnout Support 60's,266.00,303.24,1,31,
Supplement-191,SUPPLIER I,Natural Antibiotics 120's,296.00,337.44,1,25,
Supplement-194,SUPPLIER I,Anti-Cholesterol 60's,241.00,274.74,4,15,
Supplement-195,SUPPLIER I,Natural Probiotic 120's,271.00,308.94,10,7,
Supplement-196,SUPPLIER I,Collagen Complex 60's,299.00,340.86,8,14,
Supplement-197,SUPPLIER I,Anti-inflammatory control 120's,274.00,312.36,2,5,
Supplement-198,SUPPLIER I,Appetite control 60's,202.00,230.28,4,37,
Supplement-199,SUPPLIER I,Women Adult 60's,267.00,304.38,1,26,
Supplement-200,SUPPLIER I,Women Adult 50+ 60's,242.00,275.88,5,12,
Supplement-201,SUPPLIER I,Women Adult 70+ 60's,244.00,278.16,4,45,
Supplement-202,SUPPLIER I,Men Adult 60's,210.00,239.40,10,46,
Supplement-203,SUPPLIER I,Men Adult 50+ 60's,342.00,389.88,6,29,
Supplement-204,SUPPLIER I,Vitamin K2 30's,305.00,347.70,6,25,
Supplement-205,SUPPLIER I,Garcinia Tablets 60's,268.00,305.52,7,10,
Supplement-206,SUPPLIER I,Calmag 120's,291.00,331.74,6,15,
Supplement-208,SUPPLIER I,Chromium 90's,252.00,287.28,9,35,
Supplement-212,SUPPLIER I,Iron Plus 30's,264.00,300.96,9,28,
Supplement-213,SUPPLIER I,Vitamin D3 60's,228.00,259.92,9,35,
Supplement-215,SUPPLIER I,Curcumin 30's,248.00,282.72,10,20,
Supplement-217,SUPPLIER I,Milk Thistle Extract 90's,329.00,375.06,8,5,
Supplement-219,SUPPLIER I,Natural memory support 60's,215.00,245.10,9,23,
Supplement-230,SUPPLIER I,Calmag 120 x 600mg,216.00,246.24,7,8,
Supplement-231,SUPPLIER I,Calcium Glycinate 60's,328.00,373.92,7,46,
Supplement-232,SUPPLIER I,Chromium Polynicotinate 90 x 100mg,295.00,336.30,2,8,
Supplement-233,SUPPLIER I,Curcumin 60s,237.71,270.99,9,15,
Supplement-234,SUPPLIER I,Vitamin C,270.00,307.80,10,48,
Supplement-236,SUPPLIER I,Vitamin Double C,205.00,233.70,7,32,
Supplement-237,SUPPLIER I,Folic Acid 60's,186.00,212.04,5,44,
Supplement-238,SUPPLIER I,Ginkgo Biloba Extract 30 x 200mg,211.00,240.54,3,34,
Supplement-241,SUPPLIER I,Glucose,238.00,271.32,1,46,
Supplement-242,SUPPLIER I,Green tea extract 60's,269.00,306.66,4,5,
Supplement-243,SUPPLIER I,Natural sleep formula 120's,154.00,175.56,2,19,
Supplement-2,SUPPLIER B,Homocysteine lowering support 60's,215.00,245.10,1,41,
Supplement-4,SUPPLIER B,Hormone balance 120's,222.00,253.08,10,13,
Supplement-5,SUPPLIER B,Inflammation and pain support 120's,201.00,229.14,8,1,
Supplement-8,SUPPLIER B,Iron Plus 30's,171.00,194.94,1,27,
Supplement-18,SUPPLIER B,Krill Oil Omega 3 60's,153.00,174.42,3,38,
Supplement-19,SUPPLIER B,Cellfood 30ml,107.00,121.98,4,40,
Supplement-20,SUPPLIER B,Women Adult 90's,173.00,197.22,4,18,
Supplement-22,SUPPLIER B,Women 60+ 90's,163.00,185.82,6,36,
Supplement-23,SUPPLIER B,Men Adult 90's,500.00,570.00,9,29,
Supplement-25,SUPPLIER B,Men 60+ 90's,275.00,313.50,7,35,
Supplement-29,SUPPLIER B,Children 120's,210.00,239.40,9,33,
Supplement-32,SUPPLIER B,Women Teens 120's,203.00,231.42,5,22,
Supplement-38,SUPPLIER B,Men Teens 120's,194.00,221.16,6,9,
Supplement-39,SUPPLIER B,Babies 60's,232.00,264.48,1,35,
Supplement-42,SUPPLIER B,Airmune Effervescent,355.00,404.70,10,17,
Supplement-45,SUPPLIER B,Breather Inhaler,125.00,142.50,9,2,
Supplement-46,SUPPLIER B,Ozone Healing Gel,174.00,198.36,10,3,
Supplement-48,SUPPLIER B,Honey scrub,261.00,297.54,2,6,
Supplement-60,SUPPLIER B,Coffee scrub,202.00,230.28,10,19,
Supplement-63,SUPPLIER B,Aloe Vera scrub,143.00,163.02,3,26,
Supplement-64,SUPPLIER B,Olive healing gel,141.00,160.74,4,6,
Supplement-65,SUPPLIER B,Stress relief 120's,160.00,182.40,2,8,
Supplement-66,SUPPLIER B,Appetite control chewies 40's,142.00,161.88,2,1,
Supplement-67,SUPPLIER B,Omega 3 Double Strength 60's,104.00,118.56,9,39,
Supplement-68,SUPPLIER B,Skin Formula 60's,211.00,240.54,2,18,
Supplement-69,SUPPLIER B,Krill Oil 30's,162.00,184.68,1,48,
Supplement-70,SUPPLIER B,Anti-Anxiety tables 30's,184.00,209.76,2,26,
Supplement-75,SUPPLIER B,Burnout Support 60's,197.00,224.58,6,22,
Supplement-76,SUPPLIER B,Natural Antibiotics 120's,275.00,313.50,2,8,
Supplement-78,SUPPLIER B,Anti-Cholesterol 60's,223.00,254.22,10,49,
Supplement-79,SUPPLIER B,Natural Probiotic 120's,172.00,196.08,3,39,
Supplement-80,SUPPLIER B,Collagen Complex 60's,258.00,294.12,4,36,
Supplement-81,SUPPLIER B,Anti-inflammatory control 120's,287.00,327.18,5,43,
Supplement-82,SUPPLIER B,Appetite control 60's,169.00,192.66,10,7,
Supplement-84,SUPPLIER B,Women Adult 60's,142.00,161.88,6,6,
Supplement-90,SUPPLIER B,Women Adult 50+ 60's,159.00,181.26,4,19,
Supplement-92,SUPPLIER B,Women Adult 70+ 60's,232.00,264.48,4,20,
Supplement-98,SUPPLIER B,Men Adult 60's,191.00,217.74,7,49,
Supplement-105,SUPPLIER B,Men Adult 50+ 60's,271.00,308.94,2,39,
Supplement-108,SUPPLIER B,Vitamin K2 30's,273.00,311.22,6,1,
Supplement-110,SUPPLIER B,Garcinia Tablets 60's,213.00,242.82,7,45,
Supplement-118,SUPPLIER B,Calmag 120's,167.00,190.38,7,6,
Supplement-123,SUPPLIER B,Chromium 90's,292.00,332.88,1,15,
Supplement-125,SUPPLIER B,Iron Plus 30's,145.00,165.30,10,25,
Supplement-127,SUPPLIER B,Vitamin D3 60's,171.00,194.94,9,18,
Supplement-131,SUPPLIER B,Curcumin 30's,270.00,307.80,3,40,
Supplement-143,SUPPLIER B,Milk Thistle Extract 90's,166.00,189.24,10,5,
Supplement-144,SUPPLIER B,Natural memory support 60's,170.00,193.80,8,11,
Supplement-146,SUPPLIER B,Calmag 120 x 600mg,220.00,250.80,9,21,
Supplement-149,SUPPLIER B,Calcium Glycinate 60's,218.00,248.52,8,48,
Supplement-150,SUPPLIER B,Chromium Polynicotinate 90 x 100mg,325.00,370.50,3,49,
Supplement-152,SUPPLIER B,Curcumin 60s,229.00,261.06,7,45,
Supplement-153,SUPPLIER B,Vitamin C,196.00,223.44,5,3,
Supplement-157,SUPPLIER B,Vitamin Double C,239.00,272.46,8,28,
Supplement-158,SUPPLIER B,Folic Acid 60's,166.50,189.81,3,10,
Supplement-159,SUPPLIER B,Ginkgo Biloba Extract 30 x 200mg,223.00,254.22,2,48,
Supplement-161,SUPPLIER B,Glucose,199.00,226.86,8,20,
Supplement-163,SUPPLIER B,Green tea extract 60's,155.00,176.70,10,43,
Supplement-164,SUPPLIER B,Natural sleep formula 120's,254.00,289.56,8,24,
Supplement-166,SUPPLIER B,Homocysteine lowering support 60's,179.00,204.06,6,42,
Supplement-167,SUPPLIER B,Hormone balance 120's,194.00,221.16,1,35,
Supplement-170,SUPPLIER B,Inflammation and pain support 120's,221.00,251.94,3,21,
Supplement-172,SUPPLIER B,Iron Plus 30's,185.00,210.90,6,12,
Supplement-173,SUPPLIER B,Krill Oil Omega 3 60's,283.00,322.62,5,5,
Supplement-175,SUPPLIER B,Cellfood 30ml,282.00,321.48,8,18,
Supplement-176,SUPPLIER B,Women Adult 90's,179.00,204.06,1,11,
Supplement-177,SUPPLIER B,Women 60+ 90's,217.00,247.38,2,28,
Supplement-178,SUPPLIER B,Men Adult 90's,217.33,247.76,7,20,
Supplement-182,SUPPLIER B,Men 60+ 90's,239.00,272.46,2,6,
Supplement-186,SUPPLIER B,Children 120's,229.00,261.06,5,4,
Supplement-187,SUPPLIER B,Women Teens 120's,168.00,191.52,7,42,
Supplement-189,SUPPLIER B,Men Teens 120's,140.00,159.60,4,42,
Supplement-192,SUPPLIER B,Babies 60's,232.00,264.48,7,24,
Supplement-209,SUPPLIER B,Airmune Effervescent,180.00,205.20,5,21,
Supplement-210,SUPPLIER B,Breather Inhaler,171.00,194.94,1,42,
Supplement-211,SUPPLIER B,Ozone Healing Gel,211.00,240.54,10,33,
Supplement-216,SUPPLIER B,Honey scrub,316.00,360.24,6,12,
Supplement-218,SUPPLIER B,Coffee scrub,202.00,230.28,8,16,
Supplement-220,SUPPLIER B,Aloe Vera scrub,281.00,320.34,7,35,
Supplement-221,SUPPLIER B,Olive healing gel,193.00,220.02,4,22,
Supplement-239,SUPPLIER B,Stress relief 120's,261.00,297.54,9,36,
Supplement-240,SUPPLIER B,Appetite control chewies 40's,144.00,164.16,3,37,
Supplement-244,SUPPLIER B,Omega 3 Double Strength 60's,281.00,320.34,7,49,
Supplement-3,SUPPLIER C,Skin Formula 60's,216.81,247.16,1,22,
Supplement-7,SUPPLIER C,Krill Oil 30's,221.00,251.94,1,34,
Supplement-10,SUPPLIER C,Anti-Anxiety tables 30's,195.86,223.28,4,2,
Supplement-11,SUPPLIER C,Burnout Support 60's,147.85,168.55,7,49,
Supplement-24,SUPPLIER C,Natural Antibiotics 120's,202.31,230.63,1,10,
Supplement-31,SUPPLIER C,Anti-Cholesterol 60's,127.62,145.49,3,43,
Supplement-37,SUPPLIER C,Natural Probiotic 120's,196.54,224.06,8,2,
Supplement-40,SUPPLIER C,Collagen Complex 60's,126.47,144.18,10,5,
Supplement-47,SUPPLIER C,Anti-inflammatory control 120's,247.05,281.64,5,10,
Supplement-57,SUPPLIER C,Appetite control 60's,168.39,191.96,4,9,
Supplement-58,SUPPLIER C,Women Adult 60's,203.46,231.94,3,41,
Supplement-59,SUPPLIER C,Women Adult 50+ 60's,174.00,198.36,4,39,
Supplement-73,SUPPLIER C,Women Adult 70+ 60's,235.77,268.78,7,36,
Supplement-89,SUPPLIER C,Men Adult 60's,274.00,312.36,2,19,
Supplement-93,SUPPLIER C,Men Adult 50+ 60's,229.26,261.36,5,36,
Supplement-103,SUPPLIER C,Vitamin K2 30's,554.60,632.24,1,45,
Supplement-119,SUPPLIER C,Garcinia Tablets 60's,178.44,203.42,8,50,
Supplement-120,SUPPLIER C,Calmag 120's,192.91,219.92,3,9,
Supplement-126,SUPPLIER C,Chromium 90's,233.46,266.14,5,12,
Supplement-140,SUPPLIER C,Iron Plus 30's,178.70,203.72,7,24,
Supplement-147,SUPPLIER C,Vitamin D3 60's,219.58,250.32,6,42,
Supplement-148,SUPPLIER C,Curcumin 30's,188.60,215.00,8,32,
Supplement-228,SUPPLIER C,Milk Thistle Extract 90's,197.16,224.76,6,28,
Supplement-229,SUPPLIER C,Natural memory support 60's,156.20,178.07,4,24,
Supplement-235,SUPPLIER C,Calmag 120 x 600mg,192.89,219.89,8,37,
Supplement-28,SUPPLIER D,Calcium Glycinate 60's,263.00,299.82,8,29,
Supplement-116,SUPPLIER D,Chromium Polynicotinate 90 x 100mg,220.00,250.80,4,24,
Supplement-133,SUPPLIER D,Curcumin 60s,235.00,267.90,8,13,
Supplement-134,SUPPLIER D,Vitamin C,194.00,221.16,6,15,
Supplement-141,SUPPLIER D,Vitamin Double C,207.00,235.98,3,7,
Supplement-50,SUPPLIER E,Folic Acid 60's,268.89,306.53,4,49,
Supplement-51,SUPPLIER E,Ginkgo Biloba Extract 30 x 200mg,134.06,152.83,1,15,
Supplement-52,SUPPLIER E,Glucose,157.58,179.64,5,33,
Supplement-53,SUPPLIER E,Green tea extract 60's,170.05,193.86,7,17,
Supplement-54,SUPPLIER E,Natural sleep formula 120's,225.58,257.16,10,16,
Supplement-55,SUPPLIER E,Homocysteine lowering support 60's,146.56,167.08,3,48,
Supplement-56,SUPPLIER E,Hormone balance 120's,4198.00,4785.72,10,15,
Supplement-62,SUPPLIER E,Inflammation and pain support 120's,342.94,390.95,10,34,
Supplement-245,SUPPLIER E,Iron Plus 30's,288.80,329.23,9,40,
Supplement-41,SUPPLIER F,Krill Oil Omega 3 60's,164.00,186.96,6,29,
Supplement-12,SUPPLIER G,Cellfood 30ml,262.00,298.68,1,13,
Supplement-13,SUPPLIER G,Women Adult 90's,136.00,155.04,8,44,
Supplement-14,SUPPLIER G,Women 60+ 90's,278.13,317.07,6,37,
Supplement-15,SUPPLIER G,Men Adult 90's,330.00,376.20,7,37,
Supplement-16,SUPPLIER G,Men 60+ 90's,245.00,279.30,5,25,
Supplement-17,SUPPLIER G,Children 120's,230.33,262.58,8,36,
Supplement-61,SUPPLIER G,Women Teens 120's,212.00,241.68,3,11,
Supplement-88,SUPPLIER G,Men Teens 120's,306.03,348.87,2,17,
Supplement-100,SUPPLIER G,Babies 60's,127.92,145.83,4,25,
Supplement-109,SUPPLIER G,Airmune Effervescent,193.00,220.02,6,3,
Supplement-111,SUPPLIER G,Breather Inhaler,123.00,140.22,3,41,
Supplement-112,SUPPLIER G,Ozone Healing Gel,2408.00,2745.12,1,34,
Supplement-113,SUPPLIER G,Honey scrub,117.00,133.38,2,13,
Supplement-117,SUPPLIER G,Coffee scrub,224.50,255.93,1,1,
Supplement-160,SUPPLIER G,Aloe Vera scrub,258.00,294.12,2,40,
Supplement-162,SUPPLIER G,Olive healing gel,240.00,273.60,4,32,
Supplement-168,SUPPLIER G,Stress relief 120's,194.00,221.16,5,29,
Supplement-188,SUPPLIER G,Appetite control chewies 40's,169.00,192.66,10,30,
Supplement-193,SUPPLIER G,Airmune Effervescent,234.00,266.76,10,2,
Supplement-207,SUPPLIER G,Breather Inhaler,552.20,629.51,4,1,
Supplement-214,SUPPLIER G,Ozone Healing Gel,231.00,263.34,3,30,
Supplement-222,SUPPLIER G,Honey scrub,309.00,352.26,8,6,
Supplement-223,SUPPLIER G,Coffee scrub,315.00,359.10,9,24,
Supplement-224,SUPPLIER G,Aloe Vera scrub,272.00,310.08,4,47,
Supplement-225,SUPPLIER G,Olive healing gel,186.50,212.61,5,31,
Supplement-226,SUPPLIER G,Stress relief 120's,132.00,150.48,9,36,
Supplement-227,SUPPLIER G,Appetite control chewies 40's,292.00,332.88,10,9,
